test,items,capacity,ff_bins,ffd_bins,bf_bins,ff_ms,ffd_ms,bf_ms
1,161,998,138,136,138,0.672101974487,1.52087211609,48.6919879913
2,148,1000,129,128,129,0.473022460938,1.26194953918,39.9022102356
3,107,997,93,93,93,0.969886779785,0.881195068359,23.0870246887
4,155,996,133,131,132,0.555038452148,1.57403945923,58.2249164581
5,117,992,102,99,101,0.380992889404,0.907897949219,24.3799686432
